{
  "header": {
    "version": 2
  },
  "x": -1606.9439697266,
  "y": 351.9469909668,
  "tag": "node_corpoplaza_bar_0",
  "gameplay_x": -1606.9439697266,
  "sort": "corpoApartment",
  "name": "Edge of Bar",
  "gameplay_z": 49.416999816895,
  "z": 49.416999816895,
  "gameplay_y": 351.9469909668
}
