{
  "header": {
    "version": 2
  },
  "x": -1611.1760253906,
  "y": 354.48001098633,
  "gameplay_y": 354.48001098633,
  "gameplay_x": -1611.1760253906,
  "sort": "corpoApartment",
  "gameplay_z": 49.200000762939,
  "name": "Pole Dancing Seat 1",
  "z": 49.200000762939,
  "tag": "node_corpoplaza_dancepole_0_seat_0"
}
