{
  "header": {
    "version": 2
  },
  "x": -1611.253052,
  "y": 355.088867,
  "z": 49.200058,
  "gameplay_x": -1611.253052,
  "gameplay_y": 355.088867,
  "gameplay_z": 49.200058,
  "sort": "corpoApartment",
  "name": "Dance Pole 0",
  "tag": "node_corpoplaza_dancepole_0"
}
