{
  "y": 358.97500610352,
  "header": {
    "version": 2
  },
  "name": "Floor Dance Spot 1",
  "z": 48.619998931885,
  "x": -1600.7139892578,
  "sort": "danceLocations",
  "gameplay_x": -1600.7139892578,
  "gameplay_y": 358.97500610352,
  "gameplay_z": 48.619998931885,
  "tag": "node_corpoplaza_dance_floor_0"
}
