{
  "x": -1607.8709716797,
  "y": 349.19400024414,
  "sort": "danceLocations",
  "tag": "node_corpoplaza_dance_counter_0",
  "gameplay_x": -1607.8709716797,
  "gameplay_y": 349.19400024414,
  "z": 50.354000091553,
  "name": "Counter Dance Spot 1",
  "gameplay_z": 50.354000091553,
  "header": {
    "version": 2
  }
}
